,positive,trades,pl,usd,proportion,pl_usd_expected,pl_expected,total,total_pl
0,0,92,-0.019029170469772573,-36.84184782608695,0.45544554455445546,-16.779455445544553,-0.008666750907025133,9.442574257425765,0.004579561453857673
1,1,110,0.024325046335439332,48.15318181818185,0.5445544554455446,26.222029702970318,0.013246312360882806,9.442574257425765,0.004579561453857673
