,positive,trades,pl,usd,proportion,pl_usd_expected,pl_expected,total,total_pl
0,0,45,-0.015139841474214854,-30.307777777777787,0.36885245901639346,-11.179098360655741,-0.005584367756882529,21.760245901639358,0.010530894367801965
1,1,77,0.025533272457292314,52.18961038961042,0.6311475409836066,32.9393442622951,0.016115262124684494,21.760245901639358,0.010530894367801965
